,id,date
0,McsgRggUjE4,2015-02-11T19:52:41Z
1,XAU9ofjcx-Y,2015-02-18T20:53:56Z
2,QXfhGxZFcVE,2015-02-25T20:29:28Z
3,gJ5KV3rzuag,2015-03-04T21:48:46Z
4,W4UfmOHjiJg,2015-03-11T19:18:12Z
5,EtExl3sm-1E,2015-03-19T00:35:42Z
6,3tCMd1ytvWg,2015-03-25T20:19:55Z
7,bcsBWPuLJsQ,2015-04-01T22:13:26Z
8,iaN0xg2VQSo,2015-04-08T22:45:11Z
9,3t0lRt329wM,2015-04-10T06:05:05Z
10,uzgaZbbDsAA,2015-04-15T21:15:14Z
11,YycAzdtUIko,2015-04-22T21:12:04Z
12,EHKQIC5p8MU,2015-04-29T21:28:08Z
13,gEagBK4Xb1w,2015-05-06T21:44:26Z
14,w5TSfjvzMGs,2015-05-13T20:43:01Z
15,Xo232kyTsO0,2015-05-20T20:29:26Z
16,9Q_0vOdzw4Y,2015-05-27T20:32:50Z
17,NblR01hHK6U,2015-06-04T01:40:48Z
18,_UKyswjng60,2015-06-10T20:10:26Z
19,gWYEnvMM1dA,2015-06-17T22:55:20Z
20,bT3hBK6kAJQ,2015-06-25T00:06:06Z
21,D3GVVkPb3OI,2015-07-02T17:10:45Z
22,g1nbZ4PctOI,2015-07-08T22:02:14Z
23,RuPQsqZaq8A,2015-07-08T22:02:40Z
24,P4rW_pPbD-U,2015-07-15T22:27:27Z
25,U8Hx-AkFDCY,2015-07-22T22:57:33Z
26,AwhKZ3fd9JA,2015-07-29T23:36:28Z
27,pwChk4S99i4,2015-08-05T22:01:39Z
28,MUThGpp6ze4,2015-08-12T22:40:19Z
29,vNaEBbFbvcY,2015-08-19T22:58:15Z
30,VzUl3D41oIs,2015-08-27T18:26:52Z
31,z3rgl-_a5C0,2015-09-23T19:14:07Z
32,AwwIFcdUFrE,2015-09-30T22:22:56Z
33,msVuCEs8Ydo,2015-10-07T23:45:30Z
34,EzZGPCyrpSU,2015-10-15T18:15:30Z
35,1Tstyqz2g7o,2015-10-22T15:34:09Z
36,94ed4v_T6YM,2015-10-28T20:56:27Z
37,cJONS7sqi0o,2015-11-05T20:05:15Z
38,NzvcVcPnSCY,2015-11-11T21:56:22Z
39,dEIjKjIgCA0,2015-11-18T22:58:26Z
40,T2m-ZXrclW0,2015-11-26T07:39:32Z
41,xx4562gesw0,2015-12-09T18:09:05Z
42,kixAljyfdqU,2015-12-16T21:11:59Z
43,gSKzgpt4HBU,2016-01-06T17:53:40Z
44,GguAN1_JouQ,2016-01-13T21:15:29Z
45,kpuGjzdHqgI,2016-01-20T20:37:27Z
46,fHRqibyNMpw,2016-01-28T00:17:35Z
47,o8TCUGDltqM,2016-02-03T19:19:10Z
48,gw-i_VKd6Wo,2016-02-11T16:50:00Z
49,xGfv3Oay_pY,2016-02-17T23:10:01Z
50,aPStj2ZuXug,2016-02-24T23:06:37Z
51,JDmKLXVFJzk,2016-03-02T20:45:41Z
52,wcBjibuHxEk,2016-03-09T20:14:44Z
53,Aj6Kc1mvsdo,2016-03-16T21:29:40Z
54,blSTTFS8Uco,2016-03-23T18:52:18Z
55,nFYveYkSPuA,2016-03-30T19:43:30Z
56,6yLGeviU8FM,2016-04-06T20:44:31Z
57,xZTb6sfHEX8,2016-04-13T20:44:20Z
58,-4PayaEgEZc,2016-04-20T20:30:08Z
59,RUE_LUqcTvM,2016-04-27T20:19:19Z
60,fsARBnvUB2E,2016-05-04T20:12:16Z
61,nZQIM1C6xQw,2016-05-11T18:52:45Z
62,UwYSWAlAewc,2016-05-18T17:36:31Z
63,ztninkgZ0ws,2016-05-25T18:58:06Z
64,-IfmgyXs7z8,2016-06-01T18:56:49Z
65,KFOgIijPWGY,2016-06-08T23:05:30Z
66,Dgv2WWpm7_s,2016-06-15T21:56:37Z
67,tQSbms5MDvY,2016-06-22T18:55:04Z
68,SqF_Iy0lz_M,2016-06-29T20:55:16Z
69,_NqbRcwWwPw,2016-07-06T22:25:02Z
70,eJ2RNBAFLj0,2016-07-20T21:54:10Z
71,p-MNSLsjjdo,2016-07-27T22:10:15Z
72,UjmlwdUK4RE,2016-08-03T21:26:04Z
73,8ORLN_KwAgs,2016-08-10T22:43:29Z
74,2Uzytrooz44,2016-08-17T21:52:23Z
75,jW55cViXu6s,2016-08-24T19:38:38Z
76,MuvwcsfXIIo,2016-09-07T21:03:32Z
77,4H55wybU3rI,2016-09-14T20:56:19Z
78,tafGL02EUOA,2016-09-22T00:38:23Z
79,pEJ-wXpeH6w,2016-09-29T20:36:57Z
80,BAoEnV3Zt_Q,2016-10-05T20:24:55Z
81,rcv_tYcRgw4,2016-10-12T22:56:56Z
82,jowVq81AgGw,2016-10-19T22:34:52Z
83,dzKWfw68M5U,2016-10-26T22:04:29Z
84,ZY47bVu-0Bs,2016-11-02T23:35:04Z
85,7UNLgPIiWAg,2016-11-09T23:48:37Z
86,u4RNGRyzt10,2016-11-16T22:27:50Z
87,RlXdsyctD50,2016-12-01T01:19:28Z
88,mht-1c4wc0Q,2016-12-08T23:29:17Z
89,v3hd3AI2CAA,2016-12-15T00:05:53Z
90,Ttwl_zH_DZ8,2016-12-22T01:28:49Z
91,q_oHv6HCMX4,2017-01-04T22:44:33Z
92,hqoo_4wSkdg,2017-01-12T01:02:39Z
93,-q7EvLhOK08,2017-01-19T17:32:20Z
94,3TZEp_n3eIc,2017-01-26T00:17:07Z
95,1YFrISfN7jo,2017-02-02T21:12:58Z
96,CoQE5J346mU,2017-02-15T21:31:44Z
97,TQZyaMRp7_0,2017-02-22T21:21:02Z
98,h871oE5QkTU,2017-03-02T00:49:50Z
99,_tmMKQ4kp_I,2017-03-08T21:13:52Z
100,5l1KxgHH2Ek,2017-03-15T21:18:30Z
101,HUMGc8hEkpc,2017-03-22T21:32:48Z
102,KePNhUJ2reI,2017-03-30T01:50:20Z
103,aHjiXTlFSSM,2017-04-05T20:20:18Z
104,6ACW7GVKCxs,2017-04-10T18:00:01Z
105,osvOr5wbkUw,2017-04-19T22:28:16Z
106,nhy4Z_32kQo,2017-04-27T00:57:54Z
107,hmVOV7xvl58,2017-05-04T01:00:20Z
108,nsWhE22i4FM,2017-05-10T22:00:29Z
109,vLR_a1MAy9I,2017-05-18T00:08:56Z
110,4pSUtWBiuB4,2017-05-31T19:05:25Z
111,lrS0rxX-UhA,2017-06-07T21:38:13Z
112,hYkaahzFWfo,2017-06-21T17:51:02Z
113,ATcrrzJFtBY,2017-06-28T21:13:58Z
114,vSFRN-ymfgE,2017-07-07T16:45:39Z
115,oQ1WZ-eJW8Y,2017-07-12T22:10:46Z
116,Q8shnjlGwmg,2017-07-20T00:58:25Z
117,fG52mXN-uWI,2017-07-27T00:53:26Z
118,xgdNBQCdhdA,2017-08-02T22:19:57Z
119,9dqtW9MslFk,2017-08-10T19:32:34Z
120,OjFKcGHfVag,2017-08-16T22:07:37Z
121,OfOuBx6XW3Q,2017-08-24T17:09:25Z
122,S4aqGI1mSqo,2017-08-30T16:43:17Z
123,kL81uuYW9BY,2017-09-13T21:26:18Z
124,BIASPc89Sgk,2017-09-20T21:29:21Z
125,YJzoelANL_Y,2017-09-28T14:22:29Z
126,gtZ7OVoI2nc,2017-10-05T00:48:19Z
127,OvgZqGxF3eo,2017-10-11T22:31:50Z
128,X5rAGfjPSWE,2017-10-19T21:55:43Z
129,RchRrngfjQY,2017-10-25T21:28:00Z
130,n6jAOV7bZ3Y,2017-11-03T00:42:32Z
131,Rh898Yr5YZ8,2017-11-08T19:18:43Z
132,_x2nL6ukJDg,2017-11-22T19:52:53Z
133,tFB8MsizvBc,2017-11-29T19:41:03Z
134,izqaWyZsEtY,2017-12-06T22:30:58Z
135,nYGs92-qnFY,2017-12-13T20:57:04Z
136,8HvwNOSnveE,2017-12-20T21:50:04Z
137,TmD27cUuylw,2017-12-22T14:24:08Z
138,TbWyuJYybMA,2018-01-10T21:43:31Z
139,bG-xu5H6plk,2018-01-17T16:18:23Z
140,wwGeCfWc100,2018-01-24T16:27:43Z
141,9-SxVSpSoek,2018-01-31T18:31:24Z
142,PUn2izowBkw,2018-02-14T19:21:57Z
143,iJY3y5_k0do,2018-02-21T21:23:56Z
144,G7UOFZBEA_g,2018-02-28T20:55:24Z
145,wJ7d503fN-g,2018-03-07T21:17:00Z
146,qPKj0YnKANw,2018-03-15T21:45:44Z
147,-R9F2_D76TE,2018-03-22T00:34:42Z
148,_P1xKh_kZFU,2018-03-28T23:02:52Z
149,7cj6oiFDEXc,2018-04-04T19:20:09Z
150,GcfLZSL7YGw,2018-04-11T20:11:45Z
151,xnwXyPU_ps0,2018-04-18T18:00:10Z
152,UVhtKAnp3G4,2018-04-25T18:15:00Z
153,-iWGtQ03OZM,2018-05-02T18:00:00Z
154,Jdy09y0A4t0,2018-05-09T18:00:00Z
155,04ERSb06dOg,2018-05-16T18:00:00Z
156,HF-9Dy6iB_4,2018-05-23T19:00:02Z
157,GscfuQWZFAo,2018-06-13T19:00:04Z
158,9XkHBmE-N34,2018-06-20T20:00:01Z
159,TF6GRPaeLbk,2018-06-27T19:20:02Z
160,0mXW1zPlxEE,2018-07-04T19:00:00Z
161,V5kgruUjVBs,2018-07-11T21:09:40Z
162,kfffy12uQ7g,2018-07-18T19:00:11Z
163,KR23aMjIHIY,2018-07-25T20:18:20Z
164,cOzaGEAGzzA,2018-08-01T19:00:03Z
165,7UwigY4SjKY,2018-08-15T19:00:00Z
166,Qg4vb-KH5F4,2018-08-23T17:00:07Z
167,VmEY6T5Wc-Q,2018-08-30T18:21:45Z
168,Ab8JIzckx_M,2018-09-05T20:56:49Z
169,XxVlGAFX7vA,2018-09-12T21:14:32Z
170,YNEBhwimJWs,2018-09-20T20:00:00Z
171,3HYw6vPR9qU,2018-10-03T19:36:01Z
172,0GLgZvTCbaA,2018-10-10T18:45:01Z
173,k6TWO-ESC6A,2018-10-18T18:00:03Z
174,uhJ9lJPt09k,2018-10-25T18:00:09Z
175,ztFovwCaOik,2018-10-31T20:52:54Z
176,iTTa9YcTe1k,2018-11-07T21:19:14Z
177,5ESFGYkkbEI,2018-11-14T20:00:00Z
178,wICOlaQOpM0,2018-11-21T18:24:31Z
179,REl20rlZGTw,2018-12-06T22:44:13Z
180,UyTqgnKD3sw,2018-12-12T21:56:50Z
181,IhpGdumLRqs,2018-12-20T18:58:21Z
182,miGddxrvmDU,2019-01-09T22:00:29Z
183,L2idut9tkeQ,2019-01-16T21:37:59Z
184,72cM_E6bsOs,2019-01-24T21:24:36Z
185,10AP7tio408,2019-01-30T20:30:00Z
186,PPpUxoeooZk,2019-02-07T21:28:08Z
187,C4CKtEQJGMY,2019-02-20T21:00:03Z
188,rckrnYw5sOA,2019-03-06T21:00:03Z
189,dWk9d_YCQOk,2019-03-13T19:00:03Z
190,tAtVgHvt05M,2019-03-20T20:15:00Z
191,gEyXTQ9do-c,2019-03-28T19:15:01Z
192,tJevBNQsKtU,2019-04-03T20:41:11Z
193,klpDHn8viX8,2019-04-10T18:45:00Z
194,5t0jaE--l0Y,2019-04-24T20:56:07Z
195,GOhOlLa4teg,2019-05-01T19:43:44Z
196,pi7YwxxZQ5A,2019-05-09T18:15:02Z
197,k6BL1GOXgp8,2019-05-16T21:20:24Z
198,MmgMboWunkI,2019-06-06T18:31:12Z
199,FocZf26yTU0,2019-06-17T18:27:34Z
200,cqCPnXHKO5c,2019-06-20T17:00:05Z
201,ElulEJruhRQ,2019-07-01T18:00:01Z
202,_N-2Sx-FDQA,2019-07-15T17:45:00Z
203,K8gV05nS7mc,2019-07-18T18:45:01Z
204,E8rel2-kLJA,2019-07-25T19:15:00Z
205,xJCX2NlhdTc,2019-08-06T19:20:51Z
206,-5j98wi_M2w,2019-08-12T20:00:00Z
207,chsLw2siRW0,2019-08-19T18:45:02Z
208,n8cEZM1lN5g,2019-08-26T18:45:00Z
209,51usJ74pPP8,2019-09-03T18:45:00Z
210,FshtPsOTCP4,2019-09-16T18:45:01Z
211,CzJIWxplAbQ,2019-09-23T18:45:00Z
212,XglOw2_lozc,2019-09-30T18:15:00Z
213,fKgQYOlpxmo,2019-10-07T18:45:00Z
214,L2suMPiuog4,2019-10-15T18:45:00Z
215,pGnMiGrYmPE,2019-10-21T18:45:00Z
216,8wa1l7M5gU8,2019-11-04T19:45:00Z
217,YmOVoIpaPrc,2019-11-11T19:45:00Z
218,q-6oU3jXAho,2019-11-18T19:45:00Z
219,F2s7vyKucis,2019-12-02T19:45:00Z
220,dSvgw9ZOK3I,2019-12-09T17:45:01Z
221,rFgpKlcpzNM,2019-12-17T19:15:00Z
222,zw2TYNY3F8U,2020-01-06T19:45:01Z
223,T2pImihwFHg,2020-01-13T19:45:00Z
224,et7XvBenEo8,2020-01-20T19:45:01Z
225,GWFJteC7kIk,2020-01-27T21:01:08Z
226,qT110-Q8PJI,2020-02-03T19:15:01Z
227,e7yXqF32Yvw,2020-02-11T19:51:38Z
228,CT7SiRiqK-Q,2020-02-18T21:45:39Z
229,GlOwJWJWPUs,2020-02-24T19:45:01Z
230,QTZZUjnrbF8,2020-03-03T20:23:24Z
231,vSnq5Hs3_wI,2020-03-16T18:45:02Z
232,UjgGdGzDFiM,2020-03-24T18:15:00Z
233,T4oYvSH6jJ8,2020-03-31T18:18:15Z
234,vAgiHreswj0,2020-04-07T18:02:20Z
235,t8o5W425uhw,2020-04-14T18:39:07Z
236,ldVDM-v5uz0,2020-04-22T17:15:00Z
237,9xIn1Ti7bz0,2020-04-28T22:36:22Z
238,Y6Vhh70Lw9w,2020-05-04T18:16:42Z
239,M3GQM7tuq2w,2020-05-11T18:21:54Z
240,4v9A9hQUcBQ,2020-05-18T18:15:01Z
241,z91oGI5aP0A,2020-05-27T18:42:45Z
242,o2ZcvPW5EcI,2020-06-08T18:45:00Z
243,PC2JOQ7z5L0,2020-06-15T18:45:00Z
244,lqGxj3Esdxc,2020-06-22T19:12:53Z
245,1Z5fnwUmTSY,2020-06-30T19:49:05Z
246,JOMrbkZqTcs,2020-07-08T18:15:01Z
247,As7vWYmb5L8,2020-07-20T19:28:41Z
248,iozCwyjxhyY,2020-07-23T19:35:51Z
249,_izocEgArtQ,2020-07-28T21:49:08Z
250,CJx3gLkebIA,2020-08-10T20:41:28Z
251,Uf0q4Iq3AC8,2020-08-17T18:45:00Z
252,tJgWnbET1eE,2020-08-24T18:44:17Z
253,hp2Ek1cA1LE,2020-09-01T19:34:25Z
254,xFKgIOX8IRE,2020-09-08T16:04:27Z
255,XNK5oahmw3I,2020-09-21T18:15:03Z
256,4KCDGa98Ckc,2020-09-28T18:45:01Z
257,nNdy-LJWNQs,2020-10-05T18:45:05Z
258,EagNUvNfsUI,2020-10-13T18:15:01Z
259,1JCRDaa3ehk,2020-10-20T18:56:01Z
260,z4odQd8q3xY,2020-10-27T19:27:58Z
261,qKVpknSKgE0,2020-11-04T19:15:02Z
262,RY7hjt5Gi-E,2020-11-11T17:15:03Z
263,QkWT-xMTm1M,2020-11-18T19:15:01Z
264,F0b8b_ykPQk,2020-12-08T19:15:00Z
265,3tCWWnXicC0,2020-12-15T19:15:00Z
266,0A1ouV7iD8o,2020-12-22T19:15:01Z
267,j5HyMNNSGqQ,2021-01-12T19:15:03Z
268,6MfJ59lkABY,2021-01-19T20:15:01Z
269,fidzLZQyaJE,2021-01-26T19:15:00Z
270,GKD1vDAPkFQ,2021-02-10T19:56:24Z
271,L9L_gNogNes,2021-02-17T21:28:02Z
272,UKxQTvqcpSg,2021-02-24T21:15:01Z
273,OHdV9aO6jaE,2021-03-09T20:30:02Z
274,dsCjRjA4O7Y,2021-03-16T20:15:01Z
275,SMPid7Sh0EE,2021-03-23T20:15:00Z
276,O4Ko7NW2yQo,2021-04-07T18:21:42Z
277,qy8MdewY_TY,2021-04-13T20:15:04Z
278,Vk5bxHetL4s,2021-04-21T20:15:00Z
279,3sq658Okvao,2021-05-11T20:55:25Z
280,uZDhCW-PTRM,2021-05-19T20:15:00Z
281,srVKjWn26AQ,2021-05-25T20:15:03Z
282,LkeTk-Fi_c8,2021-06-09T20:15:00Z
283,snp-GvNgUt4,2021-06-16T20:15:01Z
284,vgYQglmYU-8,2021-06-23T20:15:01Z
285,pWlk1gLkF2Y,2021-07-07T20:15:01Z
286,z-syaCoqkZA,2021-07-13T20:15:01Z
287,_H4xrVzd65Q,2021-07-21T20:23:44Z
288,QLSIZg0npuA,2021-08-03T20:15:01Z
289,IEDSAheh8Os,2021-08-10T20:15:00Z
290,gc4pxTjii9c,2021-08-18T20:15:01Z
291,I9y62qoTsic,2021-09-07T20:15:01Z
292,1Ou1MckZHTA,2021-09-15T20:15:01Z
293,EK_6OzZAh5k,2021-09-21T20:15:00Z
294,dw1sekg6SUY,2021-10-05T20:15:01Z
295,iDIcydiQOhc,2021-10-13T20:15:00Z
296,hYc97J2MZIo,2021-10-20T20:15:00Z
297,Q_CQDSlmboA,2021-11-02T20:15:01Z
298,0sTBZ2G4vow,2021-11-10T21:15:00Z
299,351JCOvKcYw,2021-11-17T21:15:00Z
300,X5r36VCrA_w,2021-12-10T21:41:57Z
301,AK44wAvv2E4,2021-12-20T21:15:01Z
302,6mJXv5OBel8,2021-12-29T21:15:01Z
303,55c9wkNmfn0,2022-01-12T20:45:00Z
304,D-wzdsSiemU,2022-01-19T21:15:00Z
305,cDQZXvplXKA,2022-01-27T20:45:02Z
306,twvj9os9DLE,2022-02-10T23:27:31Z
307,FP6iyVJ70OU,2022-02-16T21:15:00Z
308,Thw43hzXlDA,2022-02-23T20:45:02Z
309,LHhFFfv20-4,2022-03-08T21:15:00Z
310,esayi49OAk4,2022-03-16T20:15:00Z
311,BOLHtIWLkHg,2022-03-23T20:15:00Z
312,jeRgFqbBM5E,2022-03-30T21:06:36Z
313,I8p1yqnuk8Y,2022-04-20T20:15:00Z
314,G0Q4UAiKacw,2022-04-27T20:15:00Z
315,bUHZ2k9DYHY,2022-05-04T20:15:02Z
316,v4ogRCjhFDM,2022-05-18T19:00:27Z
317,e3jGWXeBtPo,2022-05-25T20:17:50Z
318,v-aP1J-BdvE,2022-06-01T20:12:31Z
319,epSev7ovVew,2022-06-15T18:45:03Z
320,wdP_UDSsuro,2022-06-22T20:18:55Z
321,rQnNghhPw6o,2022-06-30T20:15:01Z
322,JnKzt6Xq-w4,2022-07-20T20:15:00Z
323,184eP_KuXek,2022-07-27T20:15:00Z
324,WZfmG_h5Oyg,2022-08-03T20:15:03Z
325,WfSZutedqIQ,2022-08-17T20:15:02Z
326,y1px8hBl7zg,2022-08-24T20:08:35Z
327,z2yLMY6Mpw8,2022-09-14T20:15:00Z
328,kw-Rs6I2H5s,2022-09-21T20:30:03Z
329,RCSSgxV9qNw,2022-09-28T20:15:01Z
330,4d0EGIt1SPc,2022-10-12T20:15:00Z
331,PHiyQID7SBs,2022-10-19T20:15:00Z
332,US7fEkBsy4A,2022-10-26T20:15:02Z
333,uTrFAY3LUNw,2022-11-09T21:15:00Z
334,prvXCuEA1lw,2022-11-16T22:12:41Z
335,CtmBZ-S2R30,2022-11-23T20:45:00Z
336,le_ORQZzkmE,2022-12-08T22:28:33Z
337,eyn7MusdQ9g,2022-12-14T21:15:02Z
338,Q7_uDhJq4G0,2022-12-19T22:09:14Z
339,wnqPqV6DdFQ,2023-01-11T21:15:01Z
340,F__elfR3w8c,2023-01-18T21:15:00Z
341,469chceiiUQ,2023-01-26T21:15:00Z
342,1lPJ5SX5p08,2023-02-08T21:15:00Z
343,E8hyodMhbRw,2023-02-15T21:15:00Z
344,SN8nTQiWOYY,2023-02-23T20:14:30Z
345,OV9MnAZLmMQ,2023-03-15T20:15:00Z
346,EGe5qvIzjTY,2023-03-22T20:15:00Z
347,eVoh27gJgME,2023-03-29T20:15:01Z
348,R-eIUxwcQo4,2023-04-12T20:15:00Z
349,OvPmwVzrI7M,2023-04-20T20:15:01Z
350,83vR9omSahs,2023-05-11T20:15:00Z
351,QMFLcmsjOBg,2023-05-17T20:15:00Z
352,Ia2GwIpEdk4,2023-05-24T19:15:00Z
353,kQNqmUZrEOk,2023-05-31T20:15:01Z
354,KrRvJUZaswo,2023-06-14T20:15:00Z
355,TbzZIMQC6vk,2023-06-21T20:15:00Z
356,sWNTsKX5H5M,2023-06-28T20:22:18Z
357,Bw8b9YV0EPA,2023-07-19T20:15:00Z
358,byN4S8WDPt8,2023-07-26T20:15:00Z
359,H6OmgXi1C-I,2023-08-02T20:15:00Z
360,zUhOL38346Y,2023-08-16T20:15:01Z
361,uvubLp5o5Wg,2023-08-24T20:15:01Z
362,9F3WRMlZEy4,2023-09-13T20:15:00Z
363,npynpWkUSYw,2023-09-20T20:15:00Z
364,BUHW1zlstVk,2023-09-28T20:15:00Z
365,ZLrMwDD8u_Q,2023-10-12T20:15:00Z
366,5e83QRGoRCo,2023-10-19T20:15:00Z
367,5LH1nKHIyjg,2023-11-02T19:45:00Z
368,8aR77s9RLck,2023-11-09T21:15:00Z
369,BU8Lg_R2DL0,2023-11-30T20:45:00Z
370,vyEWLhOfLgQ,2023-12-07T20:45:03Z
371,Q6kJaMf3Lgo,2023-12-20T21:15:00Z
372,WWqmccgf78w,2024-01-10T21:15:02Z
373,ALmS9E87LCg,2024-01-17T21:15:00Z
374,hxcUy-cBVcI,2024-02-14T21:15:01Z
375,HRir6-9tsJs,2024-02-22T21:15:00Z
376,ZMjo_UY8vEM,2024-02-29T21:15:00Z
377,aXYf47euE3U,2024-03-14T20:15:02Z
378,DoCYY9sa2kU,2024-03-21T20:15:00Z
379,qYSKEbd956M,2024-03-28T20:15:01Z
380,xoDYvvEcIbo,2024-04-06T17:00:37Z
381,ci5eJxAFsZc,2024-04-18T20:15:01Z
382,Rogm_lpVZYU,2024-05-01T20:15:00Z
383,yWlpNm1C5gw,2024-05-16T20:15:01Z
384,NSqT594RVWQ,2024-05-23T20:15:00Z
385,2sSNWIJbV3Q,2024-05-30T20:15:00Z
386,4uQF9Egc-fM,2024-06-13T20:15:01Z
387,IxnqrEBxmm4,2024-06-20T19:45:01Z
388,26ZmKqLNSZ8,2024-06-27T20:15:00Z
389,8hvzF5oQe1g,2024-07-18T20:15:00Z
390,xa2Kpkksf3k,2024-07-25T20:15:01Z
391,be4JB2Xe0Vc,2024-08-01T20:15:01Z
392,MwMwzGIt5ek,2024-08-15T20:15:00Z
393,yfzosycRoe4,2024-08-22T20:15:03Z
394,eAtbzhpI4Js,2024-09-12T20:15:01Z
395,x72uFHh3oek,2024-09-19T20:15:01Z
396,HRqBGnSxzyI,2024-09-26T20:15:00Z
397,nn94mn8ozOI,2024-10-10T20:15:02Z
